,Close,Donald Trump,Kamala Harris,Joe Biden
Close,1.0,0.17458841751468795,0.1072522326237934,-0.09829650697413318
Donald Trump,0.17458841751468795,1.0,0.03910795900082467,-0.3233852706912135
Kamala Harris,0.1072522326237934,0.03910795900082467,1.0,-0.947409489173123
Joe Biden,-0.09829650697413318,-0.3233852706912135,-0.947409489173123,1.0
